,Hour,AirPressure_mean_x,Ts_mean,T_mean,CO2_mean,H2O_mean,SH,WS,WD,C_flux,Q_flux,B,H,Le,ustar,TKE,L,Bowen,var_wp,var_up,var_vp,var_cp,var_qp,var_tp,AirPressure_mean_y,AirT_mean,PAR,Rnet
0,0.0 h,95.58653777777776 kPa,20.976914999999998 deg_C,294.1251509751626 K,17401.179290665943 umol / m3,11.798422485555555 g / m3,9.832018737962963 g / kg,2.5357538326284756 m / s,184.69545805124756 deg,-0.30794026668712016,0.021633441039194096,-17.908360134593423 W / m2,-22.58466225012483 W / m2,64.90032311758229 W / m2,0.23870928279750186 m / s,0.39054329508023855 m2 / s2,68.66147983518769 m,-0.34798998164011247,0.10109416814385518 m2 / s2,0.6044379004722762 m2 / s2,0.6368056091150939 m2 / s2,145770.91230693326,0.519339604813017,0.07805191343685759 deg_C2,95.66399999999999 kPa,19.29866666666667 deg_C,46.98766666666667 umol / (m2 s),10.766585266666668 W / m2
1,0.5 h,95.5558072222222 kPa,20.659533333333332 deg_C,293.8076083326707 K,17070.44492240478 umol / m3,12.889000972222224 g / m3,10.740834143518521 g / kg,2.018806177678301 m / s,199.59133244356076 deg,0.2756197234882771,0.018203915067144236,-12.532182164995934 W / m2,-16.46290690659007 W / m2,54.611745201432704 W / m2,0.23913476203859826 m / s,0.09057279148210114 m2 / s2,98.53564587858521 m,-0.3014535947508628,0.10467496945988825 m2 / s2,0.24602418530963466 m2 / s2,0.33115077227073514 m2 / s2,25928.005539879334,0.19815354703990218,0.019623939107728205 deg_C2,95.63300000000002 kPa,18.932666666666666 deg_C,55.717000000000006 umol / (m2 s),19.0915815 W / m2
2,1.0 h,95.50285777777778 kPa,20.645121666666668 deg_C,293.7929691649483 K,16335.459622384724 umol / m3,14.412971222222223 g / m3,12.010809351851853 g / kg,2.3070801155063996 m / s,181.4875551540896 deg,-3.305055895214836,0.02432213114192464,-12.024670939501975 W / m2,-17.276224727765896 W / m2,72.96639342577392 W / m2,0.29780083085150766 m / s,0.32656010643399214 m2 / s2,198.32378617364446 m,-0.2367696129224254,0.1447093936424126 m2 / s2,0.5569478243744257 m2 / s2,0.5674403274215039 m2 / s2,82230.85271436354,0.30140250676468755,0.007343026476470921 deg_C2,95.57965517241381 kPa,18.84896551724138 deg_C,46.03793103448276 umol / (m2 s),7.115431431448275 W / m2
3,1.5 h,95.4950288888889 kPa,20.502041111111115 deg_C,293.64976406581815 K,15893.823433446221 umol / m3,15.254340072222222 g / m3,12.711950060185185 g / kg,2.250033715526739 m / s,155.19717270438446 deg,4.618694394149959,0.006316984895522083,-15.308646498612559 W / m2,-16.671924066242003 W / m2,18.95095468656625 W / m2,0.28194013221309056 m / s,0.20381326528704652 m2 / s2,132.12726663306952 m,-0.8797405904864635,0.14743220936652363 m2 / s2,0.39513497806811426 m2 / s2,0.47933143368916403 m2 / s2,2153.569530632485,0.0035727349849069604,0.014925429722638902 deg_C2,95.57321428571429 kPa,18.728571428571428 deg_C,5.318642857142857 umol / (m2 s),-4.741736687285715 W / m2
4,2.0 h,95.49335500000001 kPa,20.150599444444445 deg_C,293.29825858780833 K,15702.490388561222 umol / m3,15.70061785 g / m3,13.083848208333334 g / kg,2.075101450779012 m / s,145.39465028988536 deg,6.21945686305665,0.004171121954955812,-8.056030851015237 W / m2,-8.95512912967647 W / m2,12.513365864867437 W / m2,0.31778688907614244 m / s,0.17595474993529264 m2 / s2,359.1080844009651 m,-0.7156451131041343,0.15294150688885588 m2 / s2,0.4334618369138102 m2 / s2,0.37500564166483785 m2 / s2,5020.646680545686,0.02283046943970289,0.010927031056972307 deg_C2,95.56862068965519 kPa,18.392413793103447 deg_C,0.3836551724137932 umol / (m2 s),-5.291218275517242 W / m2
5,2.5 h,95.49500055555555 kPa,19.813185 deg_C,292.96084873522034 K,15691.11783058911 umol / m3,15.687866600000001 g / m3,13.073222166666667 g / kg,1.9925077839358316 m / s,144.6264912477306 deg,5.202322303501152,0.00025249687075748776,-15.6694687847531 W / m2,-15.72383265649755 W / m2,0.7574906122724633 W / m2,0.259721910973123 m / s,0.09695721854301236 m2 / s2,100.67229572814095 m,-20.757792112203514,0.10506826416155075 m2 / s2,0.35635402064012084 m2 / s2,0.23640412205738637 m2 / s2,3603.3478493928224,0.002970355754384977,0.02328679948608254 deg_C2,95.573 kPa,18.054333333333332 deg_C,0.15943333333333334 umol / (m2 s),-26.599095499999997 W / m2
6,3.0 h,95.48928722222223 kPa,19.625182222222225 deg_C,292.772826945463 K,15621.656949483222 umol / m3,15.825687711111112 g / m3,13.188073092592594 g / kg,1.7897896159352726 m / s,136.93836735605709 deg,4.052363612345116,0.005555806353918424,-13.787942274981477 W / m2,-14.983368172729682 W / m2,16.66741906175527 W / m2,0.23623767722225314 m / s,0.07522018892545589 m2 / s2,86.04144452219339 m,-0.8989615079103771,0.10658497777209897 m2 / s2,0.28980765162562594 m2 / s2,0.23471588234176394 m2 / s2,11046.337052910823,0.08400259418118688,0.009434457598261638 deg_C2,95.56400000000004 kPa,17.853666666666665 deg_C,0.16306666666666667 umol / (m2 s),-11.118527046666667 W / m2
7,3.5 h,95.47103666666669 kPa,19.590146666666666 deg_C,292.73767408411527 K,15319.72881635117 umol / m3,16.61588942222222 g / m3,13.846574518518517 g / kg,2.206031456474089 m / s,141.5321953408337 deg,6.633951350506962,0.006158410815884787,-12.954888541254402 W / m2,-14.279815900584584 W / m2,18.475232447654363 W / m2,0.3325930774875436 m / s,0.20877772284985335 m2 / s2,255.5132617006911 m,-0.7729167111181633,0.15163187543408796 m2 / s2,0.5422363563822703 m2 / s2,0.3170850893204023 m2 / s2,5551.50203353855,0.02061318584688328,0.005159776254236358 deg_C2,95.54466666666667 kPa,17.848 deg_C,0.15949999999999998 umol / (m2 s),-4.774641244933331 W / m2
8,4.0 h,95.47141000000002 kPa,19.592137222222224 deg_C,292.7396509417097 K,15237.062928303225 umol / m3,16.707827638888894 g / m3,13.92318969907408 g / kg,2.519230189425045 m / s,133.19608354347696 deg,8.780529785391955,0.005042010991149504,-20.725282342023892 W / m2,-21.81003352540431 W / m2,15.126032973448511 W / m2,0.3956993896928342 m / s,0.4736546801797029 m2 / s2,268.9714152402356 m,-1.4418872128395173,0.20336958619220125 m2 / s2,0.7980166558463978 m2 / s2,0.5187673744205109 m2 / s2,4770.882712702568,0.0009496364536456467,0.00863100622596317 deg_C2,95.54518518518522 kPa,17.907407407407412 deg_C,0.36196296296296304 umol / (m2 s),-6.765887161481482 W / m2
9,4.5 h,95.4667938888889 kPa,19.490178888888888 deg_C,292.6377148257266 K,15124.732382346558 umol / m3,16.56429476666667 g / m3,13.803578972222226 g / kg,2.694903887611426 m / s,132.45406577418646 deg,5.170176188230648,-0.0004157303968286548,-28.07007319669942 W / m2,-27.980663037019763 W / m2,-1.2471911904859645 W / m2,0.3446699115220008 m / s,0.40912264649087815 m2 / s2,131.19756102061035 m,22.434942814274674,0.20493697360618848 m2 / s2,0.7154472006344992 m2 / s2,0.5141803505922327 m2 / s2,1584.670952729095,0.007688208195926004,0.02246819400954375 deg_C2,95.54233333333335 kPa,17.895 deg_C,0.4232666666666666 umol / (m2 s),-36.9990471 W / m2
10,5.0 h,95.44632444444449 kPa,19.203595 deg_C,292.35116898700227 K,15119.979950740057 umol / m3,16.324492911111108 g / m3,13.60374409259259 g / kg,2.421365752426463 m / s,128.30875201362704 deg,5.605153839796655,-0.0044045978980730765,-37.04639579164376 W / m2,-36.10003683712833 W / m2,-13.21379369421923 W / m2,0.3317735857159239 m / s,0.1973313808734216 m2 / s2,88.57541257573295 m,2.7319964025865917,0.19812532190806564 m2 / s2,0.4546348408476917 m2 / s2,0.38563749824551896 m2 / s2,1705.398081540259,0.008886721748423468,0.03632252167064837 deg_C2,95.52166666666672 kPa,17.694000000000003 deg_C,0.41566666666666663 umol / (m2 s),-51.01428233333332 W / m2
11,5.5 h,95.42896666666668 kPa,18.863708888888894 deg_C,292.01133680371856 K,15211.902100186275 umol / m3,15.98019141111111 g / m3,13.316826175925925 g / kg,2.4989703918819615 m / s,130.1958578684339 deg,4.680616093742486,-0.003890616739003907,-33.42586369935953 W / m2,-32.59090891557519 W / m2,-11.671850217011722 W / m2,0.31323194717583 m / s,0.20205604026196228 m2 / s2,82.51713048943535 m,2.7922658627056354,0.1767942167126794 m2 / s2,0.49839603257502574 m2 / s2,0.35278503394326216 m2 / s2,2245.215999779939,0.00557123646259208,0.03098933243945652 deg_C2,95.50066666666662 kPa,17.375333333333334 deg_C,0.4026666666666666 umol / (m2 s),-59.854833333333325 W / m2
12,6.0 h,95.39578388888891 kPa,18.693666666666665 deg_C,291.84132063083376 K,15253.364153140721 umol / m3,15.813910272222223 g / m3,13.178258560185187 g / kg,2.379105170430821 m / s,129.4375145992209 deg,5.363069793872775,-0.006798221620331932,-36.91703375384732 W / m2,-35.45893514990978 W / m2,-20.394664860995796 W / m2,0.3634233679475276 m / s,0.22850652724481868 m2 / s2,116.62386267361428 m,1.738637795305181,0.18936735630886614 m2 / s2,0.5201992704593615 m2 / s2,0.38800229105995787 m2 / s2,1954.1401846755987,0.012695164287126052,0.03304190232790709 deg_C2,95.47066666666665 kPa,17.228666666666665 deg_C,0.4126333333333333 umol / (m2 s),-62.159481 W / m2
13,6.5 h,95.37004277777778 kPa,18.41297777777778 deg_C,291.5606816980342 K,15292.392468886223 umol / m3,15.492068949999998 g / m3,12.910057458333332 g / kg,2.136547712082856 m / s,130.88553555224956 deg,4.281727985044419,-0.008174425885646888,-33.42927497314625 W / m2,-31.67769080368517 W / m2,-24.523277656940664 W / m2,0.3110267795476827 m / s,0.10826917668354423 m2 / s2,80.65369007062547 m,1.2917396787994055,0.12601232320597217 m2 / s2,0.3727828251941595 m2 / s2,0.24837917184736485 m2 / s2,1905.2227137040734,0.005503934132840493,0.03675229685599817 deg_C2,95.44066666666664 kPa,16.978999999999996 deg_C,0.4014333333333333 umol / (m2 s),-64.78481866666667 W / m2
14,7.0 h,95.36002444444442 kPa,18.35728111111111 deg_C,291.5049667036455 K,15251.17944703428 umol / m3,15.61871405 g / m3,13.015595041666666 g / kg,2.240463003898953 m / s,115.41511022968746 deg,4.6471412692209935,-0.0014847096479841794,-31.565180396557288 W / m2,-31.247103384346662 W / m2,-4.454128943952538 W / m2,0.3176529700028094 m / s,0.2641509622526555 m2 / s2,90.9756852960336 m,7.015311810128778,0.1572207816904926 m2 / s2,0.46450200641707606 m2 / s2,0.5364899219411788 m2 / s2,5006.999584726663,0.050243763703976575,0.03472901481069936 deg_C2,95.42833333333333 kPa,16.935 deg_C,0.39280000000000004 umol / (m2 s),-32.78427716666667 W / m2
15,7.5 h,95.32887944444442 kPa,18.410248888888887 deg_C,291.557888128445 K,15120.471159491943 umol / m3,15.928634055555555 g / m3,13.273861712962963 g / kg,2.3279078139226805 m / s,262.666945214575 deg,6.781288441699699,0.014600850662432855,-13.609134245058451 W / m2,-16.737717731802235 W / m2,43.80255198729857 W / m2,0.33005422200400675 m / s,0.5039546925275793 m2 / s2,236.74404690237586 m,-0.3821174103430246,0.1599935695202236 m2 / s2,0.8455943862206304 m2 / s2,0.5169928208007257 m2 / s2,4640.123341830582,0.035961524467052156,0.03859077087492516 deg_C2,95.406 kPa,17.256666666666668 deg_C,0.4037 umol / (m2 s),-26.03485516666667 W / m2
16,8.0 h,95.30273777777774 kPa,17.440308333333334 deg_C,290.58806257171784 K,15180.455500277278 umol / m3,15.203280077777777 g / m3,12.669400064814814 g / kg,2.217603360383359 m / s,265.81564521302937 deg,2.9254141962836497,0.00349672043092982,-18.644814895588812 W / m2,-19.391579069316748 W / m2,10.49016129278946 W / m2,0.21252296263560427 m / s,0.09381302124620526 m2 / s2,45.979703839754364 m,-1.8485491812833978,0.09361176690514396 m2 / s2,0.33670214045963825 m2 / s2,0.25591902664554966 m2 / s2,5070.5327703981275,0.023101166122074752,0.13550172724873602 deg_C2,95.37750000000001 kPa,16.63208333333333 deg_C,0.32145833333333335 umol / (m2 s),-66.33673291666666 W / m2
17,8.5 h,95.30940388888887 kPa,16.629075 deg_C,289.77690992335056 K,15387.743613800169 umol / m3,14.698090266666666 g / m3,12.248408555555555 g / kg,1.6206850953344463 m / s,105.94627897772904 deg,2.0762646042362194,-0.00047735584549069986,-9.996128188799364 W / m2,-9.894468022469391 W / m2,-1.4320675364720996 W / m2,0.1296292399462497 m / s,0.04051027857841489 m2 / s2,19.407508091526715 m,6.909218853493758,0.03496120073951702 m2 / s2,0.1434014152001765 m2 / s2,0.24338098881849332 m2 / s2,3372.4097039863464,0.019256149758102414,0.04074282453191847 deg_C2,95.38166666666666 kPa,15.913999999999998 deg_C,0.2797666666666666 umol / (m2 s),-64.99481733333333 W / m2
18,9.0 h,95.32628999999999 kPa,16.269371111111113 deg_C,289.41724971155344 K,15428.933491990447 umol / m3,14.419475811111111 g / m3,12.016229842592592 g / kg,1.9642775053706383 m / s,121.659505337702 deg,4.1583634341593445,-0.002599910117626572,-20.064630241748176 W / m2,-19.511627174514917 W / m2,-7.799730352879717 W / m2,0.16286963514262612 m / s,0.14787182555056155 m2 / s2,19.15325159885513 m,2.501577143280483,0.08835028930303901 m2 / s2,0.40498488821934997 m2 / s2,0.3520299955900818 m2 / s2,5548.740729695808,0.006956265518249533,0.05649358747584742 deg_C2,95.39766666666667 kPa,15.599333333333332 deg_C,0.37516666666666665 umol / (m2 s),-48.876263333333334 W / m2
19,9.5 h,95.34613722222221 kPa,16.276695 deg_C,289.42466836150726 K,15356.845011102998 umol / m3,13.775017327777778 g / m3,11.479181106481482 g / kg,2.402000253584852 m / s,100.86722639901018 deg,6.2870169647754786,0.011773495418540163,-43.892729500513624 W / m2,-46.39702606275366 W / m2,35.32048625562049 W / m2,0.3042852925303576 m / s,0.7175433995055976 m2 / s2,57.09718956835368 m,-1.3136009999117886,0.17206113140051393 m2 / s2,0.7507227945682211 m2 / s2,0.9175494819289317 m2 / s2,6325.813325604044,0.18821940986443708,0.05887736460636702 deg_C2,95.41666666666669 kPa,15.743666666666666 deg_C,0.3622666666666666 umol / (m2 s),-25.04110266666667 W / m2
20,10.0 h,95.36814666666666 kPa,15.750366111111113 deg_C,288.89843292114455 K,15359.367709365613 umol / m3,13.163784300000001 g / m3,10.969820250000001 g / kg,3.4011295809186293 m / s,259.1440749068504 deg,2.7716129063579222,0.02453745488444287,-37.965266387839584 W / m2,-43.175047705948366 W / m2,73.61236465332861 W / m2,0.46645069741438006 m / s,1.596668900885359 m2 / s2,237.35854257735429 m,-0.5865189619879446,0.30138200639207735 m2 / s2,1.5431542228768576 m2 / s2,0.8492241944334403 m2 / s2,3232.576969278945,0.014484411794668953,0.07230234387064717 deg_C2,95.43999999999997 kPa,15.390333333333336 deg_C,4.9064000000000005 umol / (m2 s),-32.33468123333333 W / m2
21,10.5 h,95.42173388888891 kPa,14.833555555555556 deg_C,287.98167949454324 K,15460.657930737056 umol / m3,12.815439627777778 g / m3,10.67953302314815 g / kg,3.3907452735425747 m / s,254.89101907342456 deg,2.4795478607405554,0.011462911857027011,-41.8507481006617 W / m2,-44.27682524807804 W / m2,34.38873557108103 W / m2,0.38718734763680596 m / s,1.4261405214061622 m2 / s2,122.75918539012099 m,-1.2875386231214716,0.2614270273447055 m2 / s2,1.4140718242907528 m2 / s2,0.8856284931804403 m2 / s2,1378.6730573200696,0.012939736790362515,0.09345472773178759 deg_C2,95.49433333333334 kPa,14.447666666666667 deg_C,41.38033333333333 umol / (m2 s),-39.679894 W / m2
22,11.0 h,95.4724888888889 kPa,14.230088333333331 deg_C,287.37824731853027 K,15464.900035134222 umol / m3,12.602444683333333 g / m3,10.50203723611111 g / kg,2.7912639070577416 m / s,252.8500984969994 deg,0.5012208951373185,0.014580372419010215,-12.229398230517488 W / m2,-15.308806719827322 W / m2,43.741117257030645 W / m2,0.2971370581943163 m / s,0.6739656442560286 m2 / s2,189.47335890900126 m,-0.3499866413989846,0.21150160750343494 m2 / s2,0.9821988034738062 m2 / s2,0.58179366530596 m2 / s2,255.2503027997866,0.017618824411803805,0.02194809486915939 deg_C2,95.54366666666671 kPa,14.017000000000001 deg_C,153.20666666666665 umol / (m2 s),23.291678666666662 W / m2
23,11.5 h,95.49400222222222 kPa,13.78308388888889 deg_C,286.9313003396014 K,15383.926890662002 umol / m3,12.22808925 g / m3,10.190074375 g / kg,3.6418359887418017 m / s,252.9500139077669 deg,0.42122901079025704,0.020352586314831493,-5.582363336718107 W / m2,-9.874191503138636 W / m2,61.05775894449448 W / m2,0.40078593806088075 m / s,2.277724984842332 m2 / s2,1017.0121586861508 m,-0.16171886544533884,0.30894486459289006 m2 / s2,1.7688449377504807 m2 / s2,1.15377234605482 m2 / s2,922.3732734167088,0.015790377471215797,0.014215262699470965 deg_C2,95.56666666666668 kPa,13.557666666666666 deg_C,235.2866666666667 umol / (m2 s),32.737707333333326 W / m2
24,12.0 h,95.5190211111111 kPa,13.62252888888889 deg_C,286.7707626828721 K,15338.021138507333 umol / m3,12.115961916666667 g / m3,10.096634930555556 g / kg,3.2433281405793135 m / s,242.8636427249519 deg,-3.349196300580158,0.015951514522023872,19.332614366820373 W / m2,15.970739156345966 W / m2,47.85454356607162 W / m2,0.37376599574308567 m / s,1.1906657825163798 m2 / s2,-238.05238598413007 m,0.3337350639296256,0.2426394856945812 m2 / s2,1.3062018664134305 m2 / s2,0.785044157479501 m2 / s2,2072.228429231064,0.012053687404503625,0.042531689814866255 deg_C2,95.58933333333334 kPa,13.422666666666668 deg_C,399.77666666666664 umol / (m2 s),101.63695633333334 W / m2
25,12.5 h,95.52888222222221 kPa,14.12474611111111 deg_C,287.27300868054175 K,15234.651603704111 umol / m3,11.897728288888887 g / m3,9.914773574074072 g / kg,3.2343236744351884 m / s,253.99132358636552 deg,-7.945731336764817,0.038571206779536085,74.74732794497372 W / m2,66.60398277287283 W / m2,115.71362033860825 W / m2,0.44043079041004596 m / s,1.7420789182590313 m2 / s2,-100.91623998919363 m,0.5755932843339634,0.3149674822352616 m2 / s2,1.4182947419792145 m2 / s2,1.17191866037134 m2 / s2,2635.775974108354,0.03638492152185698,0.06016668924539015 deg_C2,95.60000000000004 kPa,14.217666666666666 deg_C,734.4033333333333 umol / (m2 s),247.60587233333334 W / m2
26,13.0 h,95.55301055555555 kPa,14.241256666666667 deg_C,287.389537607076 K,15202.872554501726 umol / m3,11.767152694444444 g / m3,9.805960578703704 g / kg,3.612592264124701 m / s,264.4452395763153 deg,-8.54617546909514,0.051170804960302595,93.49699553744145 W / m2,82.68917819338317 W / m2,153.51241488090778 W / m2,0.416881675141877 m / s,1.7682257394577208 m2 / s2,-68.44482319151433 m,0.5386481494511827,0.34515316531164464 m2 / s2,1.3099171261573748 m2 / s2,1.3043917716661657 m2 / s2,3900.3300256771736,0.04475660244563895,0.1163901091282849 deg_C2,95.629 kPa,14.40133333333333 deg_C,823.8866666666668 umol / (m2 s),292.2785137333334 W / m2
27,13.5 h,95.58899555555554 kPa,14.646203888888888 deg_C,287.79455442536744 K,15157.861965847389 umol / m3,11.274870291111112 g / m3,9.395725242592594 g / kg,3.471291513268017 m / s,251.57302949582208 deg,-8.591577964130977,0.07620064086649064,107.60495835440595 W / m2,91.48789215218103 W / m2,228.60192259947192 W / m2,0.47941785039006557 m / s,2.2848782162155725 m2 / s2,-90.57780269364056 m,0.400206136115814,0.3237426074578313 m2 / s2,1.5470084790826966 m2 / s2,1.4393442681283 m2 / s2,5191.507406158912,0.19904770414075995,0.21548643323116712 deg_C2,95.65799999999997 kPa,14.755333333333335 deg_C,1018.4633333333334 umol / (m2 s),362.25217187333334 W / m2
28,14.0 h,95.58607555555554 kPa,15.209147222222224 deg_C,288.3575943007358 K,15089.016664475666 umol / m3,10.594232906111111 g / m3,8.82852742175926 g / kg,3.372950787867524 m / s,237.09566070779294 deg,-11.188044506590932,0.11485719459066707,162.22913414458716 W / m2,137.8883597051605 W / m2,344.5715837720012 W / m2,0.5906532213176023 m / s,4.042466091570165 m2 / s2,-112.57168476146795 m,0.40017333465431537,0.32878456403828926 m2 / s2,2.020840225081956 m2 / s2,1.9730782240654299 m2 / s2,5479.540673798275,0.27215534837916516,0.22476227622985234 deg_C2,95.65866666666665 kPa,15.521999999999998 deg_C,1246.0666666666666 umol / (m2 s),456.8979147666666 W / m2
29,14.5 h,95.59119444444443 kPa,15.540995555555554 deg_C,288.68953880552624 K,15039.033112770332 umol / m3,9.926711492777779 g / m3,8.272259577314816 g / kg,3.9057140227760914 m / s,256.29762870267643 deg,-10.087307458153774,0.10149728477492209,149.10453077369172 W / m2,127.57025527661482 W / m2,304.4918543247663 W / m2,0.46879844685699806 m / s,5.417337030172439 m2 / s2,-61.3094740814088 m,0.41896114285064046,0.38290452398228064 m2 / s2,1.5555840119392634 m2 / s2,2.8754506720960675 m2 / s2,5443.15578825654,0.20047916719163203,0.2115349274762178 deg_C2,95.67 kPa,15.929333333333334 deg_C,1387.0666666666666 umol / (m2 s),516.2045876133335 W / m2
30,15.0 h,95.58542888888887 kPa,16.14705111111111 deg_C,289.2955756628407 K,14953.793388184557 umol / m3,10.033064560555555 g / m3,8.360887133796297 g / kg,3.524200610889506 m / s,248.37679890232835 deg,-11.080536329406899,0.09380934994912919,193.28233424266915 W / m2,173.3373952503954 W / m2,281.42804984738757 W / m2,0.4468338494329946 m / s,2.6146250304662346 m2 / s2,-41.04088501438199 m,0.6159208200617975,0.379614309659371 m2 / s2,1.1458659106298217 m2 / s2,1.9421983296488539 m2 / s2,7394.860335565882,0.13350620913186495,0.39007914178442 deg_C2,95.65900000000002 kPa,16.519 deg_C,1520.6 umol / (m2 s),571.77599791 W / m2
31,15.5 h,95.56194999999997 kPa,16.632249444444444 deg_C,289.7808177705078 K,14913.217136469057 umol / m3,9.719096542777779 g / m3,8.099247118981483 g / kg,3.8345542090651583 m / s,246.4622849691557 deg,-9.16724164719355,0.09742580320191002,189.8076963503104 W / m2,169.0591143046014 W / m2,292.2774096057301 W / m2,0.4944735074030433 m / s,4.319180853363721 m2 / s2,-56.73013170359317 m,0.5784200514595192,0.3798047048938763 m2 / s2,2.13973219835236 m2 / s2,1.9788017111883889 m2 / s2,6689.036159304269,0.17811283804438918,0.38364221456716724 deg_C2,95.64233333333331 kPa,17.13566666666667 deg_C,1638.5666666666666 umol / (m2 s),620.8269106 W / m2
32,16.0 h,95.55932888888886 kPa,17.180672777777776 deg_C,290.3292651085819 K,14880.286260179668 umol / m3,9.538085326111112 g / m3,7.948404438425927 g / kg,3.932109631294556 m / s,243.51847120617765 deg,-8.344993495718153,0.09529222105327484,192.63891552654565 W / m2,172.30630891313535 W / m2,285.8766631598245 W / m2,0.3929663123386931 m / s,5.124969767321871 m2 / s2,-28.1087573266613 m,0.6027295373068084,0.40857504725191496 m2 / s2,1.6522048108615606 m2 / s2,2.7116830988101746 m2 / s2,6220.439870153629,0.16144392999147586,0.39884950012006853 deg_C2,95.64153846153843 kPa,17.654999999999998 deg_C,1729.6538461538462 umol / (m2 s),656.9461393846154 W / m2
33,16.5 h,95.55302222222221 kPa,17.67939666666667 deg_C,290.8280230701491 K,14841.73364832161 umol / m3,9.291254175555556 g / m3,7.7427118129629635 g / kg,4.2758059257458685 m / s,252.57302800193906 deg,-11.410445666501895,0.1152265752114926,257.8712588132016 W / m2,233.24300056431284 W / m2,345.6797256344778 W / m2,0.507516316909068 m / s,3.461209960519207 m2 / s2,-45.3118956457569 m,0.6747372879222436,0.4457927441984181 m2 / s2,1.796310948421041 m2 / s2,1.8700149001655462 m2 / s2,7302.371914665249,0.15786906786575486,0.47780280281126686 deg_C2,95.6323076923077 kPa,18.211923076923075 deg_C,1785.8461538461538 umol / (m2 s),679.0736337307692 W / m2
34,17.0 h,95.54248388888887 kPa,18.393617777777774 deg_C,291.5422423600348 K,14761.338322673057 umol / m3,9.280781406666666 g / m3,7.733984505555555 g / kg,3.2770715893635076 m / s,258.89324686826353 deg,-15.364300908408415,0.1611305168194213,300.1735593745935 W / m2,265.6493228151194 W / m2,483.39155045826396 W / m2,0.5972984347150886 m / s,7.718872643710759 m2 / s2,-63.61097854788424 m,0.5495530953391283,0.4738143047719976 m2 / s2,3.2855505188522143 m2 / s2,2.1019997811809805 m2 / s2,10344.542921614751,0.26535375118924254,0.5628836163293022 deg_C2,95.6258620689655 kPa,19.09310344827586 deg_C,1796.1379310344828 umol / (m2 s),678.2268659551725 W / m2
35,17.5 h,95.52246277777776 kPa,18.709333333333333 deg_C,291.8579680955968 K,14735.017715544333 umol / m3,9.202125258333334 g / m3,7.668437715277778 g / kg,3.9794501312366632 m / s,277.05878167048763 deg,-11.685995536581023,0.11731921347883013,225.2453719290139 W / m2,200.0810350090059 W / m2,351.9576404364904 W / m2,0.5414556461734171 m / s,12.621662302800399 m2 / s2,-63.21690511509258 m,0.568480442023846,0.5456633172460089 m2 / s2,2.5103283197226696 m2 / s2,4.317849913673614 m2 / s2,7953.287092316746,0.17228055047039728,0.46227462636813116 deg_C2,95.60566666666668 kPa,19.30633333333334 deg_C,1701.4466666666667 umol / (m2 s),642.4766724156667 W / m2
36,18.0 h,95.49922722222223 kPa,19.17607611111111 deg_C,292.324663859769 K,14652.1640014675 umol / m3,9.503814440000001 g / m3,7.919845366666668 g / kg,4.27740386693736 m / s,100.21032116512049 deg,-13.609333000596973,0.13402970649258164,292.13126957754343 W / m2,263.3366517113585 W / m2,402.08911947774493 W / m2,0.6147590040909121 m / s,6.887578193090258 m2 / s2,-71.45473283954186 m,0.654921108169737,0.611791026010733 m2 / s2,2.5514918298309937 m2 / s2,2.6250252511126324 m2 / s2,9306.755452438441,0.17539564630181823,0.5684647789170385 deg_C2,95.57700000000004 kPa,19.832 deg_C,1958.8333333333333 umol / (m2 s),764.8044425 W / m2
37,18.5 h,95.47139 kPa,19.264456666666664 deg_C,292.4130303952394 K,14627.327318450667 umol / m3,9.595262745555557 g / m3,7.996052287962964 g / kg,4.488142525269335 m / s,117.11559070520792 deg,-11.890686226285949,0.1224545028876,237.02676333321193 W / m2,210.71098163620005 W / m2,367.36350866280003 W / m2,0.6239907256272101 m / s,8.887773770124232 m2 / s2,-92.12184592387696 m,0.5735762444211897,0.6375163982252745 m2 / s2,2.2592350980656004 m2 / s2,3.5021389398353193 m2 / s2,6887.182433163623,0.13783949673106027,0.37060454948608257 deg_C2,95.55800000000004 kPa,19.99533333333334 deg_C,1659.9133333333334 umol / (m2 s),633.0039346666666 W / m2
38,19.0 h,95.45636777777779 kPa,19.579489444444445 deg_C,292.7280386055615 K,14574.224196857389 umol / m3,9.75003724111111 g / m3,8.125031034259258 g / kg,4.0839533512698605 m / s,103.56321132002205 deg,-14.841603295743802,0.1440518985974949,262.4115282501233 W / m2,231.42106249388297 W / m2,432.15569579248466 W / m2,0.6930736479212496 m / s,9.842990736489655 m2 / s2,-114.14278460413513 m,0.5355039046043448,0.6723193967960999 m2 / s2,2.441008576525038 m2 / s2,3.643548439502657 m2 / s2,8769.399971359133,0.22517405481401923,0.4499134067445104 deg_C2,95.5376666666667 kPa,20.326 deg_C,1581.8366666666666 umol / (m2 s),591.1078190999999 W / m2
39,19.5 h,95.44795222222224 kPa,19.544815000000003 deg_C,292.69339461891883 K,14574.516166838557 umol / m3,9.546482230555554 g / m3,7.955401858796296 g / kg,4.568050214676101 m / s,104.54596677597095 deg,-12.537289795508546,0.11409787771185288,182.033707997061 W / m2,157.4902765545836 W / m2,342.29363313555865 W / m2,0.5606440036815113 m / s,6.691798022145485 m2 / s2,-87.08664151907503 m,0.4601028512038162,0.584874317521287 m2 / s2,1.7264448805151575 m2 / s2,3.171893149451599 m2 / s2,7565.844727154132,0.16439263409283808,0.3033242282321239 deg_C2,95.52900000000002 kPa,20.430333333333333 deg_C,1332.41 umol / (m2 s),492.1982410566667 W / m2
40,20.0 h,95.44898833333336 kPa,19.116449444444445 deg_C,292.264997036097 K,14588.955080690723 umol / m3,9.776048374444443 g / m3,8.146706978703703 g / kg,4.246399438310012 m / s,113.54742519113415 deg,-7.981717329194496,0.07049131955131814,98.99732520084427 W / m2,83.85623175999947 W / m2,211.4739586539544 W / m2,0.6018615971799819 m / s,3.756021320773165 m2 / s2,-197.82088322519587 m,0.3965321890872516,0.5061480615946553 m2 / s2,2.0548808860487084 m2 / s2,1.7416432830640085 m2 / s2,4779.663462169967,0.0893848494836857,0.18777709783846017 deg_C2,95.52533333333336 kPa,19.69333333333333 deg_C,1047.72 umol / (m2 s),368.07307182899996 W / m2
41,20.5 h,95.4281205555556 kPa,19.767726666666665 deg_C,292.9162833573275 K,14538.433088477055 umol / m3,9.693203218333334 g / m3,8.077669348611112 g / kg,4.756437712245888 m / s,104.07561169251755 deg,-10.59586548832161,0.10284195772044435,177.55998030928976 W / m2,155.4209474822718 W / m2,308.5258731613331 W / m2,0.7109322847376369 m / s,7.530514017774432 m2 / s2,-182.1847533509236 m,0.5037533672289446,0.7025725640307908 m2 / s2,2.7854591531308905 m2 / s2,2.609336531392493 m2 / s2,5172.737117287279,0.13972895601938967,0.23481187705983647 deg_C2,95.50066666666663 kPa,20.588000000000005 deg_C,1439.3033333333333 umol / (m2 s),517.3191128666666 W / m2
42,21.0 h,95.41532166666669 kPa,19.847954444444447 deg_C,292.9964393473657 K,14474.359069495722 umol / m3,10.172542881666669 g / m3,8.477119068055558 g / kg,3.657047435988898 m / s,105.34070281459111 deg,-10.352789345497996,0.07601839908173806,106.60587740733858 W / m2,90.23673768395732 W / m2,228.0551972452142 W / m2,0.5263618031293986 m / s,3.5652276409975316 m2 / s2,-123.18651910698611 m,0.3956793740022996,0.3967789804976245 m2 / s2,2.0299205372323894 m2 / s2,1.6889180960462518 m2 / s2,6623.616637180724,0.10584862144397013,0.23703995125531677 deg_C2,95.49066666666663 kPa,20.519333333333332 deg_C,890.19 umol / (m2 s),321.98115138 W / m2
43,21.5 h,95.41520611111112 kPa,19.612627222222223 deg_C,292.7611842817518 K,14546.17657004911 umol / m3,9.695859866666666 g / m3,8.079883222222222 g / kg,4.344645569212294 m / s,278.083112030757 deg,-8.335465645597694,0.07765229876381316,85.53337799895574 W / m2,68.82583428964368 W / m2,232.95689629143948 W / m2,0.5662503889424906 m / s,4.537143959663101 m2 / s2,-190.99953195596154 m,0.29544450233205155,0.5445123046805759 m2 / s2,2.2190493081038785 m2 / s2,1.9630625149447862 m2 / s2,3944.6156937794653,0.13016755334607039,0.13855914543369693 deg_C2,95.4923333333333 kPa,20.371666666666663 deg_C,813.0600000000001 umol / (m2 s),263.21627 W / m2
44,22.0 h,95.41937444444446 kPa,19.427788888888887 deg_C,292.5762231540309 K,14489.392593636723 umol / m3,10.527629735555555 g / m3,8.77302477962963 g / kg,3.2042207235185622 m / s,102.07293018855887 deg,-7.754352815858403,0.05499068381732027,26.534364277428697 W / m2,14.710132246774597 W / m2,164.97205145196082 W / m2,0.5025620594258776 m / s,1.767721053111861 m2 / s2,-430.1583229609158 m,0.08916742028305398,0.32716372191072113 m2 / s2,1.3483685963610663 m2 / s2,1.2689791698985977 m2 / s2,3689.8379990916533,0.08596607709781032,0.0399707649190387 deg_C2,95.49266666666664 kPa,19.757333333333335 deg_C,491.03999999999996 umol / (m2 s),163.6000643333333 W / m2
45,22.5 h,95.40427500000001 kPa,19.52423888888889 deg_C,292.6726282350739 K,14480.162637478335 umol / m3,10.826086905555556 g / m3,9.021739087962963 g / kg,3.0717427007779867 m / s,115.18845442932525 deg,-3.772553159935984,0.042630657579521974,9.326112568288563 W / m2,0.1565433508702562 W / m2,127.89197273856593 W / m2,0.4094938869375304 m / s,2.030525379526071 m2 / s2,-662.296736133125 m,0.0012240279629610437,0.27434507056773205 m2 / s2,1.5000020315789997 m2 / s2,1.3174898278795937 m2 / s2,1652.7707377976271,0.042252561082244434,0.08353546156885257 deg_C2,95.48233333333332 kPa,19.886 deg_C,469.45333333333326 umol / (m2 s),146.44151724666665 W / m2
46,23.0 h,95.39077277777778 kPa,19.526870555555554 deg_C,292.6752467756745 K,14462.117639374444 umol / m3,10.91421673888889 g / m3,9.095180615740741 g / kg,3.186631600491672 m / s,122.57575948649088 deg,-4.4243734579316465,0.04509857114793711,-10.630718722945868 W / m2,-20.331206426359504 W / m2,135.29571344381134 W / m2,0.4771338306675244 m / s,1.6075277266496397 m2 / s2,919.1214259685332 m,-0.15027236199026445,0.32499039984231437 m2 / s2,1.3312990914080087 m2 / s2,1.1563215048271922 m2 / s2,1063.0438058218272,0.03753657904014036,0.045160943296541155 deg_C2,95.46999999999997 kPa,19.830000000000005 deg_C,343.53 umol / (m2 s),86.22679933333333 W / m2
47,23.5 h,95.39965500000002 kPa,19.344116111111113 deg_C,292.49249083145367 K,14472.357978610109 umol / m3,10.931123216666666 g / m3,9.109269347222222 g / kg,2.688741127759834 m / s,114.93678339307183 deg,-2.320640245758466,0.02519838208894357,-8.518929862813918 W / m2,-13.935597291967463 W / m2,75.59514626683071 W / m2,0.35721588507305896 m / s,0.4930978342369808 m2 / s2,481.00640574771217 m,-0.184345132990133,0.24018467579497935 m2 / s2,0.7917822205571703 m2 / s2,0.5491701969305861 m2 / s2,822.967527468486,0.026438770895020208,0.024127559160385458 deg_C2,95.47620689655172 kPa,19.54068965517241 deg_C,260.99310344827586 umol / (m2 s),64.07605413793104 W / m2
